timestamp;internal_temp_c;external_temp_c;battery_voltage_v;battery_current_a;battery_soc_percent;battery_capacity_ah;energy_available_kwh;power_load_kw;energy_loss_percent;tank_pressure_bar;structural_integrity;critical_modules_status;telemetry_link_status;estimated_autonomy_min;launch_decision;anomalia_inserida
2026-03-18 20:00:00;18,89;-1,95;48,44;30,77;96,05;81,53;3,7933;15,72;3,99;137,6;1;1;1;66,55;READY;nao
2026-03-18 20:01:00;23,73;6,68;47,47;20,17;22,99;83,5;0,9113;16,95;2,42;110,77;1;1;1;105,52;ABORT;sim
2026-03-18 20:02:00;33,39;-1,75;46,85;99,01;60,85;116,45;3,3198;16,47;3,59;136,89;1;1;1;148,79;READY;nao
2026-03-18 20:03:00;23,84;23,05;47,24;80,89;81,08;112,37;4,304;11,31;4,39;133,46;1;1;1;114,22;READY;nao
2026-03-18 20:04:00;29,64;17,34;50,0;109,01;79,45;106,74;4,2402;12,49;2,19;132,71;1;1;1;69,5;READY;nao
2026-03-18 20:05:00;31,94;26,98;49,95;37,01;73,48;95,65;3,5107;6,47;4,74;123,66;1;1;1;90,37;READY;nao
2026-03-18 20:06:00;21,21;-1,91;49,77;21,28;74,08;89,17;3,2877;15,64;6,34;140,46;1;1;1;131,24;READY;nao
2026-03-18 20:07:00;34,86;28,74;49,78;43,34;79,35;87,1;3,4405;24,84;4,67;132,58;1;1;1;50,96;READY;nao
2026-03-18 20:08:00;20,29;1,76;47,54;55,2;70,88;97,37;3,281;13,41;2,65;98,13;1;1;1;92,93;READY;nao
2026-03-18 20:09:00;19,51;10,16;46,05;73,58;62,94;107,77;3,1236;13,08;7,91;108,13;1;1;1;108,79;READY;nao
2026-03-18 20:10:00;30,76;6,72;48,09;83,91;98,79;115,36;5,4805;13,38;6,31;128,95;1;1;1;95,23;READY;nao
2026-03-18 20:11:00;21,99;-2,26;51,27;25,72;80,75;101,5;4,2022;7,92;5,94;140,79;1;1;1;149,78;READY;nao
2026-03-18 20:12:00;24,62;-0,57;51,85;71,71;85,18;112,09;4,9505;12,72;2,37;101,8;1;1;1;135,24;READY;nao
2026-03-18 20:13:00;23,94;25,49;50,44;118,04;86,75;92,15;4,0322;20,82;2,17;121,08;1;1;1;162,64;READY;nao
2026-03-18 20:14:00;26,75;-0,19;49,0;74,55;74,76;115,74;4,2398;11,8;3,63;120,32;1;1;1;72,44;READY;nao
2026-03-18 20:15:00;23,47;8,94;51,63;28,04;67,88;87,98;3,0834;24,91;7,34;104,71;1;1;1;121,22;READY;nao
2026-03-18 20:16:00;19,45;6,1;48,05;73,77;97,17;112,36;5,2461;15,68;6,72;119,2;1;1;1;143,63;READY;nao
2026-03-18 20:17:00;31,21;3,99;51,0;77,79;79,44;95,83;3,8825;9,48;5,01;101,31;1;1;1;130,7;READY;nao
2026-03-18 20:18:00;33,27;22,67;49,65;69,45;87,83;84,89;3,7018;6,05;7,17;113,09;1;1;1;135,31;READY;nao
2026-03-18 20:19:00;25,15;7,55;50,62;54,3;90,15;112,82;5,1484;8,61;7,86;98,12;1;1;1;100,99;READY;nao
2026-03-18 20:20:00;26,51;24,03;47,05;75,9;74,74;116,87;4,1098;7,45;3,59;135,99;1;1;1;88,5;READY;nao
2026-03-18 20:21:00;34,05;-3,19;48,33;30,75;82,94;118,52;4,7509;11,49;5,88;108,3;1;1;1;104,29;READY;nao
2026-03-18 20:22:00;27,72;3,69;50,14;70,1;96,22;91,0;4,3903;24,1;3,09;96,0;1;1;1;134,13;READY;nao
2026-03-18 20:23:00;30,47;11,71;46,26;119,81;65,66;114,82;3,4876;22,83;3,33;138,2;1;1;1;107,56;READY;nao
2026-03-18 20:24:00;33,29;26,06;50,65;48,87;83,2;119,25;5,0253;11,41;4,32;129,4;1;1;1;53,46;READY;nao
2026-03-18 20:25:00;22,31;0,88;48,5;62,5;84,28;99,87;4,0823;8,3;2,28;121,24;1;1;1;148,12;READY;nao
2026-03-18 20:26:00;33,76;24,39;47,82;106,57;78,7;91,3;3,436;6,84;4,66;122,25;1;1;1;82,71;READY;nao
2026-03-18 20:27:00;21,32;27,93;46,41;113,94;76,26;111,66;3,9519;7,22;5,42;133,08;1;1;1;103,86;READY;nao
2026-03-18 20:28:00;24,06;12,26;47,17;41,16;69,65;81,5;2,6776;23,2;2,44;141,36;1;1;1;46,48;READY;nao
2026-03-18 20:29:00;29,16;14,14;46,25;114,15;89,23;115,17;4,7529;13,71;3,75;104,3;1;1;1;60,22;READY;nao
2026-03-18 20:30:00;29,41;23,76;47,27;22,6;74,46;86,11;3,0308;9,5;3,33;128,12;1;1;1;103,67;READY;nao
2026-03-18 20:31:00;27,53;8,65;51,9;69,69;61,7;85,57;2,7401;19,62;7,48;101,3;1;1;1;107,11;READY;nao
2026-03-18 20:32:00;32,66;14,31;46,1;72,09;71,55;88,53;2,9201;23,73;2,63;136,49;1;1;1;146,66;READY;nao
2026-03-18 20:33:00;28,08;6,37;46,5;86,87;98,37;87,19;3,9882;7,52;4,85;137,57;1;1;1;45,72;READY;nao
2026-03-18 20:34:00;31,41;-1,98;46,19;34,64;78,3;117,48;4,2489;18,23;2,36;102,58;1;1;1;107,28;READY;nao
2026-03-18 20:35:00;19,53;18,39;48,15;115,61;92,79;112,68;5,0344;9,7;4,59;128,58;1;1;1;57,07;READY;nao
2026-03-18 20:36:00;18,16;6,46;48,4;98,69;92,59;82,32;3,6891;6,29;7,55;109,4;1;1;1;61,89;READY;nao
2026-03-18 20:37:00;31,47;22,47;49,63;96,74;94,38;114,13;5,3459;10,27;4,53;144,22;1;1;1;94,65;READY;nao
2026-03-18 20:38:00;28,64;24,63;51,26;80,27;73,99;107,61;4,0814;5,07;4,1;132,94;1;1;1;132,29;READY;nao
2026-03-18 20:39:00;19,36;20,19;49,66;64,47;64,18;103,85;3,3099;19,91;3,19;126,75;1;1;1;54,53;READY;nao
2026-03-18 20:40:00;21,49;7,54;50,67;48,33;95,61;119,32;5,7805;8,27;2,16;131,44;1;1;1;148,19;READY;nao
2026-03-18 20:41:00;33,32;18,54;50,68;56,55;64,03;120,0;3,894;17,09;3,62;139,64;1;1;1;54,93;READY;nao
2026-03-18 20:42:00;18,97;3,92;46,78;61,07;84,84;100,78;3,9998;16,07;2,72;121,75;1;1;1;176,65;READY;nao
2026-03-18 20:43:00;23,61;22,97;49,83;96,21;86,32;97,58;4,1972;9,7;2,56;100,66;1;1;1;58,63;READY;nao
2026-03-18 20:44:00;31,04;24,31;50,91;108,48;74,35;106,96;4,0486;21,41;2,79;95,02;1;1;1;73,3;READY;nao
2026-03-18 20:45:00;33,57;23,27;46,78;104,72;66,99;90,67;2,8414;8,36;7,3;136,4;1;1;1;53,76;READY;nao
2026-03-18 20:46:00;18,41;22,69;48,36;76,84;85,52;101,74;4,2077;8,76;3,86;124,87;1;1;1;150,88;READY;nao
2026-03-18 20:47:00;23,75;-4,21;46,87;48,49;98,45;97,08;4,4796;14,95;4,54;138,31;1;1;1;153,09;READY;nao
2026-03-18 20:48:00;20,62;18,31;49,3;109,75;62,51;103,13;3,1782;8,8;5,42;135,86;1;1;1;103,59;READY;nao
2026-03-18 20:49:00;27,09;7,78;51,67;106,24;63,59;81,71;2,6847;15,7;3,87;96,56;1;1;1;136,15;READY;nao
2026-03-18 20:50:00;20,66;17,53;46,59;91,39;93,5;111,89;4,8741;22,66;5,69;111,69;1;1;1;69,63;READY;nao
2026-03-18 20:51:00;29,18;29,1;49,95;30,39;61,74;86,09;2,6549;21,06;2,82;130,3;1;1;0;123,8;ABORT;sim
2026-03-18 20:52:00;24,2;9,73;47,58;61,1;67,36;101,17;3,2425;18,22;5,3;144,57;1;1;1;169,88;READY;nao
2026-03-18 20:53:00;33,13;16,14;46,86;95,89;97,74;104,02;4,7642;14,08;5,93;126,35;1;1;1;156,74;READY;nao
2026-03-18 20:54:00;26,15;8,01;50,85;66,54;85,92;91,37;3,992;15,77;5,38;124,33;1;1;1;151,12;READY;nao
2026-03-18 20:55:00;23,76;0,92;48,25;78,59;79,63;94,9;3,6462;13,43;3,06;100,24;1;1;1;133,74;READY;nao
2026-03-18 20:56:00;19,24;15,08;51,85;70,65;88,51;110,54;5,0729;14,76;5,15;106,59;1;1;1;129,66;READY;nao
2026-03-18 20:57:00;26,93;6,73;51,63;83,16;76,65;116,11;4,595;20,27;7,82;111,89;1;1;1;109,92;READY;nao
2026-03-18 20:58:00;22,0;20,51;51,04;89,09;88,45;85,75;3,8712;23,67;2,84;135,36;1;1;1;67,58;READY;nao
2026-03-18 20:59:00;29,66;21,05;47,07;75,82;69,96;118,11;3,8894;8,65;7,9;120,01;1;1;1;45,71;READY;nao
2026-03-18 21:00:00;20,65;7,26;50,06;83,85;68,99;97,08;3,3528;21,97;4,83;110,93;1;1;1;131,11;READY;nao
2026-03-18 21:01:00;32,7;19,4;51,88;64,34;60,58;81,52;2,5621;24,44;4,19;133,92;1;1;1;176,03;READY;nao
2026-03-18 21:02:00;27,32;18,57;49,37;92,95;92,89;107,81;4,9441;18,31;2,2;101,33;1;1;1;105,59;READY;nao
2026-03-18 21:03:00;31,87;24,28;48,57;103,79;73,93;105,96;3,8048;7,5;7,73;112,82;1;1;1;86,95;READY;nao
2026-03-18 21:04:00;19,22;2,2;46,28;75,84;99,07;80,4;3,6863;14,72;4,52;130,21;1;1;1;53,66;READY;nao
2026-03-18 21:05:00;21,2;7,22;47,97;61,47;79,53;95,84;3,6563;12,18;7,63;100,13;1;1;1;79,72;READY;nao
2026-03-18 21:06:00;29,77;7,89;47,14;106,55;76,89;105,81;3,8352;23,43;7,57;116,84;1;1;1;105,4;READY;nao
2026-03-18 21:07:00;18,69;-3,2;51,62;114,67;75,7;113,33;4,4285;19,63;4,21;98,16;1;1;1;126,77;READY;nao
2026-03-18 21:08:00;20,06;10,55;49,0;23,3;68,18;91,48;3,0562;19,06;2,91;125,25;1;1;1;93,69;READY;nao
2026-03-18 21:09:00;27,08;25,3;49,69;103,84;68,32;89,63;3,0428;14,52;3,33;110,61;1;1;1;149,84;READY;nao
2026-03-18 21:10:00;21,35;11,88;47,98;82,64;78,53;116,4;4,3858;13,73;7,48;98,97;1;1;1;98,14;READY;nao
2026-03-18 21:11:00;25,92;-1,55;51,23;104,43;75,31;102,55;3,9565;15,61;3,4;97,87;1;1;1;138,98;READY;nao
2026-03-18 21:12:00;31,43;10,55;49,66;80,74;91,08;87,0;3,935;15,41;7,45;115,86;1;1;1;144,43;READY;nao
2026-03-18 21:13:00;19,41;8,5;46,38;66,58;85,31;85,39;3,3786;8,36;6,2;101,42;1;1;1;175,23;READY;nao
2026-03-18 21:14:00;31,57;9,56;46,96;46,82;69,28;112,66;3,6653;10,93;5,53;97,46;1;1;1;162,08;READY;nao
2026-03-18 21:15:00;33,8;21,88;49,67;22,57;66,34;93,32;3,075;18,32;2,97;96,98;1;1;1;77,86;READY;nao
2026-03-18 21:16:00;23,91;-2,08;51,48;63,51;63,78;102,25;3,3573;6,01;5,94;127,72;1;1;1;100,95;READY;nao
2026-03-18 21:17:00;20,65;18,52;47,02;96,48;83,28;109,52;4,2886;24,14;5,69;110,55;1;1;1;103,3;READY;nao
2026-03-18 21:18:00;28,22;27,0;46,86;42,88;89,76;111,62;4,6949;15,12;7,94;124,38;1;1;1;172,4;READY;nao
2026-03-18 21:19:00;21,35;13,53;47,39;109,62;64,75;92,11;2,8264;8,54;2,1;130,95;1;1;1;129,65;READY;nao
2026-03-18 21:20:00;29,36;3,1;49,83;43,17;84,82;116,78;4,9358;24,9;2,47;108,41;1;1;1;120,82;READY;nao
2026-03-18 21:21:00;22,52;28,79;49,7;118,18;60,35;108,47;3,2534;6,81;5,08;143,86;1;1;1;54,59;READY;nao
2026-03-18 21:22:00;25,9;12,67;48,62;51,01;90,43;105,48;4,6376;7,83;4,0;117,05;1;1;1;146,04;READY;nao
2026-03-18 21:23:00;25,95;5,58;50,18;67,98;74,03;114,05;4,2368;9,62;4,15;141,29;1;1;1;79,36;READY;nao
2026-03-18 21:24:00;27,76;-1,77;46,06;91,37;74,97;98,01;3,3844;12,75;3,07;103,97;1;1;1;136,15;READY;nao
2026-03-18 21:25:00;21,52;10,86;46,86;97,8;81,94;109,47;4,2033;13,57;4,27;107,92;1;1;1;122,36;READY;nao
2026-03-18 21:26:00;32,21;29,03;48,37;90,25;87,49;80,23;3,3952;23,42;7,9;106,27;1;1;1;125,7;READY;nao
2026-03-18 21:27:00;20,63;15,97;48,67;91,33;72,81;108,45;3,8431;18,05;4,02;144,12;1;1;1;52,31;READY;nao
2026-03-18 21:28:00;18,39;-0,34;47,63;69,15;86,79;106,13;4,3872;8,18;5,18;207,55;1;1;1;82,33;ABORT;sim
2026-03-18 21:29:00;24,82;11,6;48,29;61,94;98,95;107,76;5,1491;11,5;2,81;106,61;1;1;1;148,81;READY;nao
2026-03-18 21:30:00;34,99;5,58;46,55;56,64;98,58;91,11;4,1809;20,31;5,26;119,07;1;1;1;50,44;READY;nao
2026-03-18 21:31:00;22,07;11,25;48,57;30,29;79,77;116,38;4,5091;17,42;5,73;134,26;1;1;1;176,87;READY;nao
2026-03-18 21:32:00;20,23;1,76;46,12;115,94;62,9;101,51;2,9448;14,61;5,76;109,55;1;1;1;170,88;READY;nao
2026-03-18 21:33:00;23,51;8,73;49,77;39,88;84,89;113,06;4,7768;5,7;6,07;139,09;1;1;1;129,55;READY;nao
2026-03-18 21:34:00;23,09;25,13;47,72;73,89;75,64;85,06;3,0703;8,05;7,7;126,69;1;1;1;174,2;READY;nao
2026-03-18 21:35:00;19,81;10,33;46,34;95,14;74,8;110,31;3,8236;16,29;5,89;114,54;1;1;1;142,97;READY;nao
2026-03-18 21:36:00;30,74;17,95;47,03;39,59;90,73;114,38;4,8806;11,06;4,47;117,14;1;1;1;129,47;READY;nao
2026-03-18 21:37:00;21,45;6,57;51,54;78,35;90,64;90,18;4,2128;17,52;4,21;124,22;1;1;1;66,36;READY;nao
2026-03-18 21:38:00;26,45;-2,73;46,8;83,98;89,62;106,66;4,4736;12,87;4,96;105,55;1;1;1;89,35;READY;nao
2026-03-18 21:39:00;21,56;2,99;51,24;32,7;69,9;85,47;3,0613;16,65;4,29;132,43;1;1;1;169,37;READY;nao
2026-03-18 21:40:00;19,09;28,97;49,56;90,6;95,94;118,24;5,6221;18,36;3,48;138,14;1;1;1;91,08;READY;nao
2026-03-18 21:41:00;21,46;8,71;49,37;110,92;81,5;92,44;3,7195;20,49;7,87;129,65;1;1;1;158,36;READY;nao
2026-03-18 21:42:00;25,2;6,46;48,15;92,42;83,32;81,5;3,2697;20,18;5,84;133,87;1;1;1;177,72;READY;nao
2026-03-18 21:43:00;30,16;-4,35;46,11;113,44;62,28;82,51;2,3695;19,32;2,57;111,79;1;1;1;70,7;READY;nao
2026-03-18 21:44:00;22,34;1,64;47,48;22,3;62,8;88,69;2,6445;11,59;2,83;103,24;1;1;1;173,74;READY;nao
2026-03-18 21:45:00;30,61;15,33;50,02;43,79;76,91;98,46;3,7878;18,2;4,11;138,5;1;1;1;163,22;READY;nao
2026-03-18 21:46:00;20,43;10,79;49,2;102,1;65,6;88,92;2,8699;8,28;7,22;108,29;1;1;1;129,25;READY;nao
2026-03-18 21:47:00;19,61;3,22;50,09;57,27;74,51;115,14;4,2973;9,78;7,5;95,71;1;1;1;53,57;READY;nao
2026-03-18 21:48:00;30,55;4,79;50,63;89,17;86,06;100,66;4,386;9,9;7,11;140,71;1;1;1;161,13;READY;nao
2026-03-18 21:49:00;21,56;10,29;46,23;98,24;62,21;84,32;2,425;23,0;4,34;121,17;1;1;1;139,42;READY;nao
2026-03-18 21:50:00;30,19;-4,63;49,3;86,34;98,48;109,11;5,2974;8,05;7,72;137,86;1;1;1;121,55;READY;nao
2026-03-18 21:51:00;28,59;15,27;50,18;105,5;62,52;117,54;3,6875;13,94;7,19;108,72;1;1;1;112,69;READY;nao
2026-03-18 21:52:00;22,45;18,3;50,81;66,31;64,91;98,58;3,2512;7,76;7,94;126,07;1;1;1;117,51;READY;nao
2026-03-18 21:53:00;28,11;5,83;50,44;110,22;95,36;105,31;5,0654;22,4;5,45;109,44;1;1;1;71,79;READY;nao
2026-03-18 21:54:00;21,81;17,68;47,89;29,36;95,01;89,92;4,0914;12,9;6,2;110,47;1;1;1;117,42;READY;nao
2026-03-18 21:55:00;33,53;19,68;47,69;107,78;83,66;109,33;4,362;19,51;2,65;129,15;1;1;1;63,74;READY;nao
2026-03-18 21:56:00;33,06;-0,14;50,03;66,11;98,28;114,44;5,627;10,48;6,81;99,26;1;1;1;127,66;READY;nao
2026-03-18 21:57:00;32,26;27,64;48,03;51,59;87,46;91,83;3,8575;9,94;7,87;123,35;1;1;1;52,29;READY;nao
2026-03-18 21:58:00;26,92;7,98;50,63;83,1;70,48;113,78;4,0601;10,88;6,02;105,77;1;1;1;54,62;READY;nao
2026-03-18 21:59:00;21,7;18,77;49,07;88,45;65,26;87,38;2,7982;6,62;4,14;106,77;1;1;1;173,39;READY;nao
2026-03-18 22:00:00;31,84;21,33;46,05;70,38;60,31;108,65;3,0175;13,76;3,03;109,81;1;1;1;85,42;READY;nao
2026-03-18 22:01:00;34,23;-3,04;51,37;117,85;95,35;89,03;4,3608;22,1;4,19;137,11;1;1;1;64,23;READY;nao
2026-03-18 22:02:00;34,76;26,26;50,47;103,03;82,97;87,74;3,6741;14,19;3,01;135,65;1;1;1;64,95;READY;nao
2026-03-18 22:03:00;20,47;28,69;49,32;74,79;81,37;100,73;4,0425;6,18;2,54;118,24;1;1;1;109,68;READY;nao
2026-03-18 22:04:00;31,95;28,9;51,03;71,18;67,27;96,87;3,3253;14,74;2,15;129,66;1;1;1;178,5;READY;nao
2026-03-18 22:05:00;22,38;26,22;48,3;83,14;89,74;103,05;4,4666;15,72;3,04;140,17;1;1;1;151,12;READY;nao
2026-03-18 22:06:00;26,49;9,09;46,84;80,99;91,38;115,81;4,9569;14,2;3,7;102,09;1;1;1;60,13;READY;nao
2026-03-18 22:07:00;21,84;15,47;50,21;108,01;95,59;94,84;4,5519;19,44;3,22;120,0;1;1;1;175,07;READY;nao
2026-03-18 22:08:00;24,95;21,77;50,53;102,12;83,9;110,13;4,6689;24,1;4,72;105,33;1;1;1;96,5;READY;nao
2026-03-18 22:09:00;27,65;16,1;48,07;85,38;67,91;88,78;2,8982;20,58;5,85;135,46;1;1;1;116,67;READY;nao
2026-03-18 22:10:00;30,64;1,07;48,47;95,44;19,94;87,48;0,8455;7,06;3,87;108,03;1;1;1;134,88;ABORT;sim
2026-03-18 22:11:00;18,24;18,34;48,44;101,98;86,0;114,14;4,7549;16,37;7,74;144,39;1;1;1;174,35;READY;nao
2026-03-18 22:12:00;24,59;28,75;50,66;114,25;96,69;106,88;5,2353;12,26;7,41;97,69;1;1;1;160,01;READY;nao
2026-03-18 22:13:00;18,09;9,23;47,04;85,19;97,31;88,87;4,068;18,26;5,53;108,29;1;1;1;66,9;READY;nao
2026-03-18 22:14:00;27,11;13,23;51,99;74,91;72,05;91,37;3,4226;5,6;2,38;97,99;1;1;1;143,43;READY;nao
2026-03-18 22:15:00;34,03;26,74;49,25;24,34;98,62;119,82;5,8197;15,16;5,67;120,92;1;1;1;62,19;READY;nao
2026-03-18 22:16:00;22,51;6,76;48,49;82,42;82,33;115,78;4,6221;9,3;5,47;143,8;1;1;1;78,2;READY;nao
2026-03-18 22:17:00;20,87;4,46;49,71;25,24;73,52;100,78;3,6832;5,63;4,89;139,74;1;1;1;94,36;READY;nao
2026-03-18 22:18:00;24,05;6,32;49,3;56,41;83,94;109,34;4,5248;7,32;6,04;140,22;1;1;1;69,06;READY;nao
2026-03-18 22:19:00;34,61;3,9;49,07;53,48;86,67;106,47;4,5281;14,45;6,25;132,5;1;1;1;120,77;READY;nao
2026-03-18 22:20:00;27,72;25,54;47,94;69,31;84,55;114,51;4,6415;13,49;4,13;119,7;1;1;1;160,3;READY;nao
2026-03-18 22:21:00;27,97;17,56;51,38;75,45;81,29;91,65;3,8279;23,34;4,96;108,7;1;1;1;60,9;READY;nao
2026-03-18 22:22:00;21,02;12,28;46,87;87,37;74,45;82,73;2,8868;20,89;7,13;112,81;1;1;1;104,04;READY;nao
2026-03-18 22:23:00;34,39;18,31;48,59;90,63;98,28;86,96;4,1527;23,2;3,43;144,55;1;1;1;115,61;READY;nao
2026-03-18 22:24:00;21,05;17,58;46,03;115,18;99,55;111,14;5,0928;9,91;2,22;131,43;1;1;1;166,68;READY;nao
2026-03-18 22:25:00;26,13;8,34;47,1;24,77;77,16;89,47;3,2516;15,37;6,88;125,55;1;1;1;53,75;READY;nao
2026-03-18 22:26:00;28,78;13,76;46,11;93,12;63,54;86,17;2,5246;22,64;6,25;135,99;1;1;1;100,35;READY;nao
2026-03-18 22:27:00;18,92;2,99;49,78;21,79;75,57;113,62;4,2742;8,79;5,1;138,13;1;1;1;56,09;READY;nao
2026-03-18 22:28:00;23,03;-3,09;48,81;73,93;78,38;92,46;3,5373;6,84;4,52;132,2;1;1;1;76,66;READY;nao
2026-03-18 22:29:00;28,18;9,84;49,01;58,05;74,09;94,16;3,4191;17,81;6,52;136,29;1;1;1;96,54;READY;nao
2026-03-18 22:30:00;19,41;13,17;49,23;51,7;79,61;102,62;4,0219;6,52;4,06;96,53;1;1;1;101,09;READY;nao
2026-03-18 22:31:00;30,55;8,15;48,7;48,24;90,61;94,86;4,1859;21,33;4,9;106,28;1;1;1;108,36;READY;nao
2026-03-18 22:32:00;29,21;-2,18;47,89;40,25;63,04;88,47;2,6709;16,04;5,45;138,7;1;1;1;139,73;READY;nao
2026-03-18 22:33:00;32,82;20,34;48,87;38,45;97,05;82,48;3,9119;14,06;3,85;114,9;1;1;1;63,36;READY;nao
2026-03-18 22:34:00;21,13;4,8;51,57;85,87;64,16;115,8;3,8315;23,2;2,43;143,48;1;1;1;89,65;READY;nao
2026-03-18 22:35:00;33,82;16,34;48,27;118,17;72,36;88,5;3,0911;6,71;7,08;102,02;1;1;1;150,07;READY;nao
2026-03-18 22:36:00;22,62;23,94;51,98;24,87;64,9;104,82;3,5361;21,16;2,32;133,56;1;1;1;62,36;READY;nao
2026-03-18 22:37:00;29,07;17,73;46,39;100,87;77,12;91,59;3,2767;5,23;6,11;104,7;1;1;1;91,27;READY;nao
2026-03-18 22:38:00;33,65;4,51;48,24;77,82;76,84;98,64;3,6563;15,36;2,11;116,17;1;1;1;51,72;READY;nao
2026-03-18 22:39:00;29,37;3,86;46,96;54,26;65,28;85,59;2,6238;17,34;3,86;144,07;1;1;1;100,81;READY;nao
2026-03-18 22:40:00;26,98;23,57;49,34;104,26;80,65;94,29;3,7521;22,27;6,51;130,95;1;1;1;77,62;READY;nao
2026-03-18 22:41:00;30,6;28,67;50,06;37,48;92,47;81,75;3,7842;17,86;2,4;101,26;1;1;1;75,16;READY;nao
2026-03-18 22:42:00;25,73;-1,68;51,53;43,23;95,5;81,63;4,0171;17,04;5,1;101,5;1;1;1;135,7;READY;nao
2026-03-18 22:43:00;24,7;15,71;49,68;69,64;93,71;115,77;5,3897;14,51;4,22;134,71;1;1;1;77,54;READY;nao
2026-03-18 22:44:00;29,83;18,17;50,53;102,9;74,67;104,49;3,9425;6,19;2,11;139,04;1;1;1;167,89;READY;nao
2026-03-18 22:45:00;27,57;27,19;48,89;23,49;79,09;103,96;4,0198;15,64;6,12;131,61;1;1;1;87,67;READY;nao
2026-03-18 22:46:00;22,09;4,11;48,2;32,62;76,38;80,83;2,9758;8,48;7,21;95,46;1;1;1;145,61;READY;nao
2026-03-18 22:47:00;25,75;12,95;51,55;36,48;85,27;95,73;4,208;22,7;4,2;125,76;1;1;1;161,01;READY;nao
2026-03-18 22:48:00;27,07;7,69;48,01;91,56;71,76;101,1;3,4831;11,48;3,91;108,74;1;1;1;147,57;READY;nao
2026-03-18 22:49:00;24,48;1,89;49,38;79,47;61,18;119,33;3,605;23,65;6,93;135,69;1;1;1;150,03;READY;nao
2026-03-18 22:50:00;31,5;19,82;51,99;118,04;71,94;110,94;4,1493;7,06;5,7;79,49;1;1;1;148,07;ABORT;sim
2026-03-18 22:51:00;22,75;7,54;48,85;118,39;82,05;118,58;4,7529;7,9;4,45;97,79;1;1;1;50,31;READY;nao
2026-03-18 22:52:00;33,23;9,56;46,52;82,33;98,72;86,5;3,9725;7,69;3,22;107,66;1;1;1;56,22;READY;nao
2026-03-18 22:53:00;24,08;-4,39;46,02;82,11;79,59;84,43;3,0924;13,93;3,29;111,22;1;1;1;77,41;READY;nao
2026-03-18 22:54:00;19,19;27,69;49,57;63,42;98,91;89,16;4,3715;18,31;2,61;120,12;1;1;1;80,87;READY;nao
2026-03-18 22:55:00;28,23;29,08;47,7;51,79;65,34;107,95;3,3645;23,83;2,87;97,82;1;1;1;99,23;READY;nao
2026-03-18 22:56:00;26,32;17,54;50,48;44,7;78,85;82,95;3,3017;8,81;5,41;112,36;1;1;1;54,53;READY;nao
2026-03-18 22:57:00;21,44;21,63;48,92;78,08;95,35;99,76;4,6533;9,41;7,05;133,66;1;1;1;94,05;READY;nao
2026-03-18 22:58:00;26,13;20,81;48,88;41,96;88,46;105,66;4,5687;14,37;4,98;139,59;1;1;1;106,93;READY;nao
2026-03-18 22:59:00;28,33;5,07;50,83;76,74;73,34;82,82;3,0874;16,85;2,22;96,19;1;1;1;138,21;READY;nao
2026-03-18 23:00:00;23,25;2,08;51,06;34,63;96,77;82,17;4,0601;20,59;6,52;131,68;1;1;1;130,42;READY;nao
2026-03-18 23:01:00;25,83;25,47;50,91;112,5;77,63;86,94;3,436;6,51;7,4;96,74;1;1;1;90,63;READY;nao
2026-03-18 23:02:00;20,9;-4,81;51,14;31,72;72,55;91,74;3,4037;24,8;2,56;105,76;1;1;1;126,39;READY;nao
2026-03-18 23:03:00;30,91;8,85;49,68;119,01;67,96;83,29;2,8121;7,29;3,43;106,35;1;1;1;55,13;READY;nao
2026-03-18 23:04:00;28,81;-3,54;48,25;97,81;93,12;115,19;5,1755;13,7;4,23;124,71;1;1;1;124,09;READY;nao
2026-03-18 23:05:00;31,11;1,47;50,56;58,63;72,57;93,35;3,4251;12,83;4,23;138,86;1;1;1;81,76;READY;nao
2026-03-18 23:06:00;22,39;22,58;49,06;36,2;64,68;95,51;3,0307;5,9;5,2;103,4;1;1;1;90,99;READY;nao
2026-03-18 23:07:00;21,87;6,9;48,98;42,54;90,95;114,84;5,1158;11,74;6,84;132,57;1;1;1;150,83;READY;nao
2026-03-18 23:08:00;22,53;24,38;46,73;77,33;69,05;103,82;3,35;5,98;6,56;141,76;1;1;1;76,04;READY;nao
2026-03-18 23:09:00;25,17;20,48;50,17;21,25;92,22;101,52;4,697;19,39;3,96;101,96;1;1;1;142,6;READY;nao
2026-03-18 23:10:00;27,26;-3,26;47,97;44,53;88,14;96,5;4,0801;17,62;4,25;119,85;1;1;1;122,99;READY;nao
2026-03-18 23:11:00;22,72;16,5;46,86;45,43;64,41;99,32;2,9977;24,52;5,18;131,74;1;1;1;87,34;READY;nao
2026-03-18 23:12:00;28,97;14,71;47,37;109,87;78,98;110,56;4,1364;5,27;5,87;142,63;1;1;1;176,15;READY;nao
2026-03-18 23:13:00;29,57;2,62;49,49;65,35;61,17;97,69;2,9574;18,16;2,79;129,73;1;1;1;177,12;READY;nao
2026-03-18 23:14:00;27,3;6,35;50,27;44,6;99,86;107,21;5,3819;7,86;7,74;108,53;1;1;1;171,25;READY;nao
2026-03-18 23:15:00;33,58;23,96;47,93;115,43;62,43;98,92;2,96;10,06;2,08;98,16;1;1;1;56,66;READY;nao
2026-03-18 23:16:00;20,98;18,25;50,42;103,35;76,01;104,4;4,0011;23,61;4,17;111,09;1;1;1;117,71;READY;nao
2026-03-18 23:17:00;31,47;23,31;49,92;33,91;93,2;114,67;5,3351;20,86;7,17;136,41;1;1;1;62,64;READY;nao
2026-03-18 23:18:00;32,24;7,42;49,56;99,8;98,85;110,83;5,4296;15,34;5,69;114,17;1;1;1;148,45;READY;nao
2026-03-18 23:19:00;32,02;-3,83;49,4;53,61;99,62;111,66;5,495;13,58;7,82;119,46;1;1;1;46,31;READY;nao
2026-03-18 23:20:00;29,57;8,64;49,87;42,53;90,23;97,78;4,3999;20,61;3,09;124,57;1;1;1;153,66;READY;nao
2026-03-18 23:21:00;28,84;18,16;50,74;45,94;99,29;80,87;4,0742;19,73;2,57;130,36;1;1;1;72,67;READY;nao
2026-03-18 23:22:00;33,0;-4,04;49,79;97,89;81,0;97,25;3,9221;8,72;2,27;101,73;1;1;1;74,89;READY;nao
2026-03-18 23:23:00;30,28;0,53;49,09;85,01;65,2;89,04;2,8499;16,69;3,41;126,05;1;1;1;154,58;READY;nao
2026-03-18 23:24:00;32,94;27,93;49,9;25,06;68,64;99,18;3,397;24,68;6,39;125,33;1;1;1;178,91;READY;nao
2026-03-18 23:25:00;30,87;4,29;47,01;42,48;77,94;99,23;3,6357;15,87;2,58;119,1;1;1;1;94,99;READY;nao
2026-03-18 23:26:00;27,84;-1,21;50,79;45,26;88,18;114,18;5,1137;15,31;7,16;95,37;1;1;1;166,71;READY;nao
2026-03-18 23:27:00;30,8;26,04;47,47;35,62;80,13;111,69;4,2484;13,2;6,26;112,36;1;1;1;61,23;READY;nao
2026-03-18 23:28:00;23,72;-1,56;51,37;51,98;92,29;85,24;4,0412;23,88;6,77;128,51;1;1;1;150,09;READY;nao
2026-03-18 23:29:00;33,83;20,87;48,58;22,27;77,71;108,82;4,1081;15,88;4,89;135,33;1;1;1;54,04;READY;nao
2026-03-18 23:30:00;25,88;10,74;51,63;32,4;76,15;102,45;4,0279;19,43;2,41;120,28;1;1;1;65,17;READY;nao
2026-03-18 23:31:00;28,04;11,57;49,38;72,0;86,17;88,39;3,7611;9,47;7,98;106,87;1;1;1;113,82;READY;nao
2026-03-18 23:32:00;23,05;15,02;46,83;37,57;68,17;86,06;2,7474;6,54;4,68;141,88;1;1;1;112,87;READY;nao
2026-03-18 23:33:00;24,95;16,56;47,16;73,83;88,75;116,67;4,8832;6,23;2,18;113,55;1;1;1;93,47;READY;nao
2026-03-18 23:34:00;30,38;-0,19;50,43;93,69;67,33;82,14;2,789;11,31;7,65;102,71;1;1;1;105,06;READY;nao
2026-03-18 23:35:00;33,67;28,0;50,58;57,48;83,76;80,47;3,4092;15,36;5,02;142,02;1;1;1;156,74;READY;nao
2026-03-18 23:36:00;24,43;23,24;46,88;54,15;93,62;82,33;3,6134;18,86;3,87;126,9;1;1;1;87,16;READY;nao
2026-03-18 23:37:00;31,47;14,15;46,03;23,36;82,8;118,26;4,5072;21,7;2,65;114,05;1;1;1;178,13;READY;nao
2026-03-18 23:38:00;19,42;15,28;49,12;34,59;96,48;81,98;3,8851;9,33;6,48;124,04;1;1;1;158,57;READY;nao
2026-03-18 23:39:00;25,45;18,56;51,86;69,52;62,52;85,63;2,7764;7,02;5,41;102,81;1;1;1;136,14;READY;nao
2026-03-18 23:40:00;22,6;-1,82;51,93;104,38;95,05;91,12;4,4976;7,45;6,56;139,52;1;1;1;99,5;READY;nao
2026-03-18 23:41:00;21,14;11,55;50,69;103,66;63,72;92,19;2,9777;13,38;4,3;114,05;1;1;1;125,72;READY;nao
2026-03-18 23:42:00;30,83;6,19;48,42;71,61;93,4;87,83;3,972;6,24;7,76;110,97;1;1;1;51,98;READY;nao
2026-03-18 23:43:00;31,11;11,71;48,46;56,4;75,96;100,97;3,7167;11,14;5,62;140,32;1;1;1;146,7;READY;nao
2026-03-18 23:44:00;20,85;14,97;49,36;105,18;61,29;113,18;3,424;11,08;4,4;110,57;1;1;1;46,87;READY;nao
2026-03-18 23:45:00;22,02;23,55;49,0;94,07;78,09;111,75;4,276;15,85;5,66;141,1;1;1;1;81,4;READY;nao
2026-03-18 23:46:00;28,65;26,64;46,28;82,66;88,56;118,15;4,8424;5,95;6,12;96,55;1;1;1;54,42;READY;nao
2026-03-18 23:47:00;20,38;27,54;51,28;54,03;65,01;97,88;3,263;22,63;3,65;116,89;1;1;1;86,05;READY;nao
2026-03-18 23:48:00;23,3;15,58;46,45;20,3;89,12;100,7;4,1686;18,74;6,0;100,36;1;1;1;177,78;READY;nao
2026-03-18 23:49:00;21,73;-1,98;48,4;41,57;75,92;84,72;3,1131;11,43;4,57;104,79;1;1;1;131,72;READY;nao
2026-03-18 23:50:00;21,43;25,49;46,97;80,6;99,51;80,86;3,7794;23,11;6,18;139,04;1;1;1;154,15;READY;nao
2026-03-18 23:51:00;19,35;20,14;51,78;23,72;65,05;114,88;3,8695;18,39;3,31;140,37;1;1;1;118,23;READY;nao
2026-03-18 23:52:00;27,26;26,73;47,77;86,33;66,45;117,78;3,7387;16,1;4,17;138,63;1;1;1;127,05;READY;nao
2026-03-18 23:53:00;22,78;-3,69;49,22;88,37;62,63;107,52;3,3145;16,61;3,5;140,82;1;1;1;97,28;READY;nao
2026-03-18 23:54:00;29,94;-2,61;49,98;63,35;63,25;87,37;2,762;12,63;3,1;96,38;1;1;1;47,77;READY;nao
2026-03-18 23:55:00;18,88;-0,81;47,61;113,64;60,76;98,96;2,8627;21,41;7,59;134,42;1;1;1;47,06;READY;nao
2026-03-18 23:56:00;29,22;1,83;46,54;62,52;93,43;100,37;4,3643;11,49;3,42;111,72;1;1;1;151,53;READY;nao
2026-03-18 23:57:00;24,68;19,51;51,11;24,46;60,65;109,14;3,3831;16,35;2,08;129,73;1;1;1;98,87;READY;nao
2026-03-18 23:58:00;24,98;0,78;51,31;25,65;64,57;109,7;3,6345;19,89;2,13;100,79;1;1;1;47,09;READY;nao
2026-03-18 23:59:00;22,08;9,05;47,59;117,14;88,61;117,96;4,9743;19,01;6,65;121,39;1;1;1;139,6;READY;nao
2026-03-19 00:00:00;25,16;8,15;49,95;106,15;84,03;80,31;3,3709;12,77;6,02;108,38;1;1;1;152,41;READY;nao
2026-03-19 00:01:00;27,89;19,37;49,55;118,31;61,09;81,8;2,4761;9,08;5,8;126,98;0;1;1;163,04;ABORT;sim
2026-03-19 00:02:00;23,49;1,65;48,92;103,48;63,75;119,97;3,7414;21,44;4,49;144,8;1;1;1;121,31;READY;nao
2026-03-19 00:03:00;31,54;12,12;47,49;23,79;69,87;117,16;3,8875;18,34;3,14;126,06;1;1;1;100,62;READY;nao
2026-03-19 00:04:00;27,6;11,29;46,54;79,88;75,29;90,71;3,1785;14,86;4,2;119,96;1;1;1;130,47;READY;nao
2026-03-19 00:05:00;22,9;11,28;47,91;32,63;60,59;115,26;3,3458;14,37;7,14;109,26;1;1;1;107,22;READY;nao
2026-03-19 00:06:00;34,76;29,89;47,4;26,72;90,08;90,71;3,8731;8,48;7,68;115,47;1;1;1;84,92;READY;nao
2026-03-19 00:07:00;27,25;6,3;50,41;72,55;95,87;113,62;5,491;20,74;4,01;115,68;1;1;1;144,42;READY;nao
2026-03-19 00:08:00;33,05;12,42;51,58;37,82;86,94;115,13;5,1628;7,52;6,76;112,98;1;1;1;81,44;READY;nao
2026-03-19 00:09:00;21,03;28,72;46,26;60,85;63,54;111,18;3,268;17,07;6,97;109,6;1;1;1;73,07;READY;nao
2026-03-19 00:10:00;19,38;-1,32;51,93;58,28;86,47;112,34;5,0445;23,05;6,18;139,94;1;1;1;141,25;READY;nao
2026-03-19 00:11:00;19,49;22,19;48,55;48,78;87,9;111,35;4,7519;5,9;5,0;133,01;1;1;1;169,6;READY;nao
2026-03-19 00:12:00;22,36;15,49;50,51;110,89;68,01;98,91;3,3977;6,45;7,44;118,1;1;1;1;126,01;READY;nao
2026-03-19 00:13:00;25,63;0,45;51,6;58,16;88,9;94,76;4,3469;15,81;4,51;118,25;1;1;1;58,94;READY;nao
2026-03-19 00:14:00;28,95;6,69;47,08;24,37;76,25;117,28;4,2102;9,72;5,48;110,79;1;1;1;177,14;READY;nao
2026-03-19 00:15:00;30,02;-1,09;49,14;38,48;96,33;84,73;4,0108;21,54;6,48;127,46;1;1;1;100,16;READY;nao
2026-03-19 00:16:00;19,97;-3,67;47,06;102,81;73,67;115,45;4,0025;19,66;4,29;99,92;1;1;1;133,21;READY;nao
2026-03-19 00:17:00;19,09;9,63;51,86;66,03;70,22;99,43;3,6209;14,42;4,12;122,06;1;1;1;117,44;READY;nao
2026-03-19 00:18:00;33,47;19,12;47,86;21,62;83,58;105,41;4,2165;21,23;7,98;123,68;1;1;1;120,02;READY;nao
2026-03-19 00:19:00;28,49;10,91;49,38;77,92;98,57;108,04;5,2587;14,97;2,01;117,45;1;1;1;161,16;READY;nao
2026-03-19 00:20:00;21,56;15,63;51,03;27,42;60,47;117,44;3,6239;11,61;3,13;98,79;1;1;1;178,5;READY;nao
2026-03-19 00:21:00;18,23;6,84;48,23;74,99;87,85;88,8;3,7625;17,25;3,51;105,56;1;1;1;124,13;READY;nao
2026-03-19 00:22:00;25,89;18,73;51,71;34,59;91,69;109,45;5,1893;19,72;2,43;114,26;1;1;1;133,67;READY;nao
2026-03-19 00:23:00;23,82;3,25;47,06;50,7;75,07;100,98;3,5674;14,58;6,5;141,89;1;1;1;175,78;READY;nao
2026-03-19 00:24:00;28,48;11,62;46,08;91,01;84,31;97,16;3,7747;5,3;4,57;140,69;1;1;1;78,26;READY;nao
2026-03-19 00:25:00;22,84;2,28;48,48;25,02;63,43;92,63;2,8485;18,29;5,19;118,98;1;1;1;121,45;READY;nao
2026-03-19 00:26:00;23,12;23,97;48,73;57,83;99,25;110,95;5,366;9,8;4,21;128,48;1;1;1;120,94;READY;nao
2026-03-19 00:27:00;29,59;12,72;46,02;21,63;90,65;87,24;3,6394;9,26;5,35;126,17;1;1;1;92,22;READY;nao
2026-03-19 00:28:00;27,7;2,04;46,9;22,44;88,43;90,3;3,7451;24,63;5,35;117,36;1;1;1;130,15;READY;nao
2026-03-19 00:29:00;19,74;24,12;48,52;100,25;79,69;118,17;4,5691;24,73;6,06;100,76;1;1;1;59,08;READY;nao
2026-03-19 00:30:00;33,9;5,21;51,05;39,22;87,91;89,3;4,0076;9,17;3,76;140,94;1;1;1;76,08;READY;nao
2026-03-19 00:31:00;29,6;13,88;48,6;77,15;64,07;103,96;3,2371;8,82;5,25;103,27;1;1;1;166,89;READY;nao
2026-03-19 00:32:00;27,01;-4,46;50,27;43,98;77,73;82,64;3,2291;19,37;4,64;121,84;1;1;1;62,25;READY;nao
2026-03-19 00:33:00;24,03;17,74;47,77;53,74;63,92;110,23;3,3658;20,02;2,73;143,28;1;1;1;61,77;READY;nao
2026-03-19 00:34:00;30,04;11,56;49,3;28,29;71,14;99,93;3,5047;14,94;3,26;139,86;1;1;1;164,33;READY;nao
2026-03-19 00:35:00;32,61;0,9;46,6;49,46;90,06;89,67;3,7633;14,03;4,53;100,76;1;1;1;74,29;READY;nao
2026-03-19 00:36:00;34,94;11,36;46,95;26,06;77,9;110,58;4,0444;11,12;7,16;111,61;1;1;1;152,44;READY;nao
2026-03-19 00:37:00;22,7;19,56;48,5;33,4;89,8;86,75;3,7782;17,79;4,25;96,2;1;1;1;145,82;READY;nao
2026-03-19 00:38:00;33,93;15,29;46,49;73,85;61,45;109,21;3,1199;14,0;6,11;101,62;1;1;1;148,28;READY;nao
2026-03-19 00:39:00;20,29;15,79;46,88;119,04;65,94;84,7;2,6183;18,63;7,7;121,92;1;1;1;107,19;READY;nao
2026-03-19 00:40:00;31,62;28,68;48,97;29,17;96,83;113,65;5,389;20,01;4,96;117,2;1;1;1;128,32;READY;nao
2026-03-19 00:41:00;18,52;19,16;47,48;52,76;80,29;103,3;3,938;5,55;6,14;141,87;1;1;1;111,43;READY;nao
2026-03-19 00:42:00;23,18;6,04;51,47;66,35;76,49;102,13;4,0208;11,08;7,05;135,13;1;1;1;104,73;READY;nao
2026-03-19 00:43:00;34,63;-0,01;50,87;72,39;81,49;90,78;3,7632;23,15;5,66;110,99;1;1;1;162,29;READY;nao
2026-03-19 00:44:00;29,79;28,59;48,85;54,53;79,66;92,06;3,5824;12,79;5,61;143,96;1;1;1;54,51;READY;nao
2026-03-19 00:45:00;29,63;1,63;51,13;75,33;76,03;111,61;4,3387;5,5;6,92;141,72;1;1;1;62,04;READY;nao
2026-03-19 00:46:00;31,05;21,36;51,58;58,94;79,08;108,42;4,4224;13,15;5,24;127,75;1;1;1;52,22;READY;nao
2026-03-19 00:47:00;32,92;25,28;49,2;43,74;68,71;97,65;3,3011;12,67;5,24;127,7;1;1;1;153,47;READY;nao
2026-03-19 00:48:00;29,88;21,4;50,12;64,67;61,53;96,23;2,9676;21,11;4,27;97,34;1;1;1;122,88;READY;nao
2026-03-19 00:49:00;23,54;-2,94;51,5;76,91;93,0;113,85;5,4528;11,62;4,5;126,24;1;1;1;79,89;READY;nao
2026-03-19 00:50:00;30,78;17,76;47,7;36,26;60,89;113,02;3,2826;6,28;3,19;96,4;1;1;1;82,02;READY;nao
2026-03-19 00:51:00;29,88;4,68;46,64;106,76;77,49;89,9;3,2491;19,58;2,91;121,0;1;1;1;79,67;READY;nao
2026-03-19 00:52:00;28,92;-2,12;46,05;107,99;83,53;115,43;4,4401;17,62;2,37;140,42;1;1;1;168,41;READY;nao
2026-03-19 00:53:00;29,49;17,78;49,53;81,09;99,09;119,19;5,8498;23,47;3,72;141,21;1;1;1;78,34;READY;nao
2026-03-19 00:54:00;31,13;-1,95;46,92;37,64;18,01;109,04;0,9214;12,05;7,08;100,62;1;1;1;58,22;ABORT;sim
2026-03-19 00:55:00;26,94;21,69;46,8;57,46;66,33;113,13;3,5118;17,53;2,99;96,13;1;1;1;119,06;READY;nao
2026-03-19 00:56:00;28,68;25,07;51,76;112,1;68,53;103,83;3,683;13,99;6,23;116,15;1;1;1;94,63;READY;nao
2026-03-19 00:57:00;19,68;11,34;51,25;40,56;65,85;95,33;3,2172;16,13;4,62;144,79;1;1;1;161,41;READY;nao
2026-03-19 00:58:00;24,46;24,03;47,46;65,69;92,08;96,97;4,2377;9,96;3,2;113,05;1;1;1;46,41;READY;nao
2026-03-19 00:59:00;28,98;-2,74;46,16;63,21;97,61;89,16;4,0173;18,89;6,7;105,2;1;1;1;177,52;READY;nao
2026-03-19 01:00:00;26,58;12,89;46,59;67,51;85,89;80,33;3,2145;22,18;6,26;107,94;1;1;1;156,43;READY;nao
2026-03-19 01:01:00;20,5;-4,45;48,25;29,77;99,17;81,08;3,8796;12,36;6,28;123,93;1;1;1;116,91;READY;nao
2026-03-19 01:02:00;23,67;21,97;50,54;101,83;93,25;116,78;5,5037;19,93;4,03;128,5;1;1;1;49,44;READY;nao
2026-03-19 01:03:00;29,87;2,48;49,03;44,58;99,45;84,78;4,1339;6,41;4,28;131,09;1;1;1;102,67;READY;nao
2026-03-19 01:04:00;22,83;22,73;48,21;116,2;99,79;84,36;4,0585;12,87;3,2;113,73;1;1;1;120,07;READY;nao
2026-03-19 01:05:00;25,58;6,98;50,8;59,11;94,4;105,29;5,0492;19,26;4,53;109,64;1;1;1;88,68;READY;nao
2026-03-19 01:06:00;24,18;13,11;48,77;112,58;23,83;99,22;1,1531;9,6;6,05;142,8;1;1;1;79,32;ABORT;sim
2026-03-19 01:07:00;32,52;26,55;51,35;29,85;72,95;97,53;3,6535;18,51;5,37;114,4;1;1;1;173,26;READY;nao
2026-03-19 01:08:00;25,38;22,23;49,63;40,76;97,66;110,7;5,3655;19,83;5,99;111,96;1;1;1;108,77;READY;nao
2026-03-19 01:09:00;31,35;6,82;46,78;108,94;63,2;88,51;2,6168;5,77;6,52;123,58;1;1;1;70,71;READY;nao
2026-03-19 01:10:00;29,18;5,2;46,36;90,12;60,58;109,28;3,0691;7,73;5,84;101,25;1;1;1;139,58;READY;nao
2026-03-19 01:11:00;34,86;25,94;50,47;20,07;77,83;111,14;4,3657;24,82;7,68;100,06;1;1;1;86,66;READY;nao
2026-03-19 01:12:00;23,64;25,43;51,17;69,84;86,65;111,92;4,9624;24,15;6,03;118,94;1;1;1;143,02;READY;nao
2026-03-19 01:13:00;33,5;18,4;50,92;94,18;61,08;101,57;3,159;10,05;7,33;142,83;1;1;1;52,39;READY;nao
2026-03-19 01:14:00;64,11;23,14;47,51;75,41;64,77;108,22;3,3302;12,76;5,28;140,61;1;1;1;62,1;ABORT;sim
2026-03-19 01:15:00;34,07;29,79;47,74;30,21;97,33;104,38;4,8501;5,67;4,39;118,72;1;0;1;95,71;ABORT;sim
2026-03-19 01:16:00;22,81;22,29;48,67;106,34;99,85;104,33;5,0701;15,56;5,46;101,76;1;1;1;141,43;READY;nao
2026-03-19 01:17:00;31,81;28,79;50,16;26,75;88,13;88,81;3,9259;21,73;7,51;137,33;1;1;1;103,46;READY;nao
2026-03-19 01:18:00;21,93;0,72;48,8;79,1;75,89;91,24;3,379;14,27;2,25;120,95;1;1;1;159,46;READY;nao
2026-03-19 01:19:00;31,93;14,99;49,84;111,89;94,67;88,66;4,1833;10,8;2,42;124,84;1;1;1;104,12;READY;nao
2026-03-19 01:20:00;23,58;1,17;51,35;104,35;96,98;104,09;5,1836;23,92;2,31;132,31;1;1;1;151,22;READY;nao
2026-03-19 01:21:00;27,04;6,26;51,77;46,66;99,77;116,46;6,0153;19,35;7,66;111,18;1;1;1;165,58;READY;nao
2026-03-19 01:22:00;32,62;0,45;47,06;20,34;99,98;110,72;5,2094;19,52;3,75;142,68;1;1;1;119,6;READY;nao
2026-03-19 01:23:00;18,17;7,96;47,99;40,84;78,35;97,23;3,6559;6,56;6,18;121,17;1;1;1;161,39;READY;nao
2026-03-19 01:24:00;32,65;19,04;46,19;70,62;75,68;82,9;2,8979;9,5;7,82;117,45;1;1;1;86,57;READY;nao
2026-03-19 01:25:00;21,51;19,6;47,91;118,67;91,44;97,66;4,2784;8,73;4,34;136,48;1;1;1;106,47;READY;nao
2026-03-19 01:26:00;24,02;15,09;51,19;39,39;98,11;102,34;5,1398;19,87;3,62;136,68;1;1;1;151,77;READY;nao
2026-03-19 01:27:00;32,42;7,15;48,05;59,32;63,97;86,38;2,6551;12,17;6,5;121,75;1;1;1;174,15;READY;nao
2026-03-19 01:28:00;33,74;-1,11;46,57;82,51;69,16;118,34;3,8115;6,21;3,84;140,16;1;1;1;152,1;READY;nao
2026-03-19 01:29:00;32,21;2,98;51,17;110,09;78,79;119,38;4,813;10,37;6,04;107,67;1;1;1;167,74;READY;nao
2026-03-19 01:30:00;20,95;28,66;50,22;37,15;62,87;114,43;3,6129;11,58;5,22;134,14;1;1;1;50,4;READY;nao
2026-03-19 01:31:00;21,94;9,65;49,69;40,02;60,14;90,34;2,6997;9,35;2,78;144,32;1;1;1;61,81;READY;nao
2026-03-19 01:32:00;18,38;3,9;47,42;116,62;82,99;110,94;4,3659;11,85;5,32;95,11;1;1;1;45,13;READY;nao
2026-03-19 01:33:00;27,43;8,04;50,54;110,72;88,12;107,09;4,7693;8,82;6,06;143,74;1;1;1;118,82;READY;nao
2026-03-19 01:34:00;29,58;-3,24;46,08;67,83;70,86;105,73;3,4523;7,39;4,34;106,16;1;1;1;71,71;READY;nao
2026-03-19 01:35:00;28,07;23,24;46,61;29,17;72,68;90,42;3,0631;17,28;7,21;119,51;1;1;1;66,17;READY;nao
2026-03-19 01:36:00;19,36;16,74;51,37;96,66;89,58;83,25;3,8309;16,87;6,65;113,7;1;1;1;81,13;READY;nao
2026-03-19 01:37:00;32,48;27,13;46,04;41,7;78,82;91,72;3,3284;10,23;7,3;106,82;1;1;1;100,86;READY;nao
2026-03-19 01:38:00;18,75;7,59;50,23;22,42;72,23;114,88;4,168;17,48;5,62;134,79;1;1;1;66,1;READY;nao
2026-03-19 01:39:00;19,83;26,16;46,91;92,8;60,6;108,27;3,0778;5,42;3,29;106,39;1;1;1;61,74;READY;nao
2026-03-19 01:40:00;22,73;24,38;51,28;70,01;61,56;91,28;2,8815;20,75;7,63;107,44;1;1;1;115,4;READY;nao
2026-03-19 01:41:00;20,64;-3,73;49,7;104,26;93,88;91,53;4,2706;18,05;3,15;123,93;1;1;1;91,22;READY;nao
2026-03-19 01:42:00;20,45;26,56;47,91;88,47;87,02;100,24;4,1791;9,5;6,84;133,29;1;1;1;107,46;READY;nao
2026-03-19 01:43:00;20,39;28,84;48,0;93,36;90,11;105,1;4,5459;5,48;3,5;104,23;1;1;1;53,91;READY;nao
2026-03-19 01:44:00;24,04;2,35;50,41;87,57;85,33;85,19;3,6644;12,44;7,95;102,74;1;1;1;86,05;READY;nao
2026-03-19 01:45:00;31,2;17,05;50,54;82,35;69,74;92,01;3,243;18,24;6,81;114,99;1;1;1;110,34;READY;nao
2026-03-19 01:46:00;20,45;10,44;48,36;37,06;61,27;108,17;3,2051;22,93;3,65;135,95;1;1;1;126,23;READY;nao
2026-03-19 01:47:00;32,07;13,85;49,78;73,98;78,6;111,03;4,3443;5,15;6,29;132,28;1;1;1;63,86;READY;nao
2026-03-19 01:48:00;32,55;22,27;51,05;86,67;96,25;95,09;4,6723;16,58;6,33;115,77;1;1;1;93,49;READY;nao
2026-03-19 01:49:00;29,18;20,59;49,02;44,27;64,3;82,16;2,5897;14,79;3,72;130,47;1;1;1;83,96;READY;nao
2026-03-19 01:50:00;23,5;21,35;50,24;65,88;75,14;90,13;3,4024;24,31;5,97;106,58;1;1;1;140,17;READY;nao
2026-03-19 01:51:00;27,91;8,17;47,85;79,2;61,43;82,2;2,4162;11,0;5,6;118,87;1;1;1;176,2;READY;nao
2026-03-19 01:52:00;25,95;16,89;51,13;69,14;60,18;104,28;3,2087;8,31;5,29;117,23;1;1;0;137,11;ABORT;sim
2026-03-19 01:53:00;31,46;1,76;51,16;101,71;91,54;97,31;4,5572;7,94;3,29;107,56;1;1;1;75,68;READY;nao
2026-03-19 01:54:00;34,29;12,22;51,3;35,2;98,28;109,16;5,5036;23,67;4,17;117,57;1;1;1;122,15;READY;nao
2026-03-19 01:55:00;24,58;24,67;49,35;46,05;84,59;91,01;3,7992;18,81;3,23;123,41;1;1;1;75,86;READY;nao
2026-03-19 01:56:00;26,78;21,11;49,9;73,68;97,33;81,3;3,9486;21,61;5,19;96,88;1;1;1;137,35;READY;nao
2026-03-19 01:57:00;18,65;25,5;49,96;84,68;67,01;114,51;3,8336;12,59;4,32;118,69;1;1;1;143,18;READY;nao
2026-03-19 01:58:00;19,36;21,19;49,46;96,12;67,71;117,02;3,9189;20,32;4,73;134,53;1;1;1;110,74;READY;nao
2026-03-19 01:59:00;27,96;28,71;50,56;100,96;70,43;119,42;4,2525;6,74;3,88;142,32;1;1;1;107,84;READY;nao
2026-03-19 02:00:00;31,93;20,77;47,98;29,36;62,37;83,98;2,5131;11,27;7,53;95,54;1;1;1;104,49;READY;nao
2026-03-19 02:01:00;25,18;8,88;51,01;113,22;85,54;86,37;3,7687;7,93;6,98;110,35;1;1;1;146,85;READY;nao
2026-03-19 02:02:00;21,21;16,41;48,74;96,33;66,23;95,3;3,0763;12,34;4,31;117,62;1;1;1;59,82;READY;nao
2026-03-19 02:03:00;21,06;22,37;48,63;61,22;61,58;105,32;3,154;12,59;4,82;143,11;1;1;1;143,49;READY;nao
2026-03-19 02:04:00;34,72;4,05;48,35;91,16;68,84;82,17;2,735;9,08;4,77;138,28;1;1;1;157,06;READY;nao
2026-03-19 02:05:00;27,97;21,34;50,13;48,85;80,61;88,5;3,5763;7,5;7,64;132,25;1;1;1;124,57;READY;nao
2026-03-19 02:06:00;19,63;23,36;51,61;86,75;95,7;114,25;5,6429;21,56;7,61;96,43;1;1;1;45,14;READY;nao
2026-03-19 02:07:00;31,84;18,35;46,83;77,82;97,03;85,24;3,8732;18,88;5,35;140,36;1;1;1;107,82;READY;nao
2026-03-19 02:08:00;31,23;28,15;49,5;80,16;72,28;108,01;3,8644;21,58;5,8;113,53;1;1;1;130,52;READY;nao
2026-03-19 02:09:00;34,31;14,48;49,39;76,9;68,52;102,85;3,4807;11,4;6,59;138,17;1;1;1;81,63;READY;nao
2026-03-19 02:10:00;30,46;26,11;49,07;38,32;74,52;101,67;3,7178;21,17;7,61;118,33;1;1;1;144,39;READY;nao
2026-03-19 02:11:00;25,57;23,01;47,02;60,23;91,28;86,51;3,713;19,0;4,68;128,85;1;1;0;120,69;ABORT;sim
2026-03-19 02:12:00;23,84;22,21;50,97;60,65;86,58;99,01;4,3693;19,49;6,87;102,76;1;1;1;103,41;READY;nao
2026-03-19 02:13:00;34,92;20,89;50,26;114,15;72,11;111,63;4,0457;14,33;6,15;109,67;1;1;1;73,88;READY;nao
2026-03-19 02:14:00;20,81;9,2;50,02;62,51;89,87;115,98;5,2136;17,74;2,35;105,81;1;1;1;157,21;READY;nao
2026-03-19 02:15:00;33,36;3,55;51,53;27,21;73,97;112,8;4,2996;21,18;7,1;104,51;1;1;1;175,01;READY;nao
2026-03-19 02:16:00;28,85;4,89;49,53;102,12;93,02;85,63;3,9452;22,26;2,92;99,58;1;1;1;58,13;READY;nao
2026-03-19 02:17:00;29,85;3,25;51,21;57,81;71,94;106,74;3,9324;7,5;7,6;103,09;1;1;1;147,54;READY;nao
2026-03-19 02:18:00;24,33;29,21;47,53;33,18;72,71;107,14;3,7027;21,86;2,68;111,11;1;1;1;86,57;READY;nao
2026-03-19 02:19:00;24,28;14,32;50,61;37,4;67,82;117,76;4,042;14,4;7,25;134,55;1;1;1;162,92;READY;nao
2026-03-19 02:20:00;31,29;28,42;50,16;100,83;65,78;110,04;3,6308;12,17;6,59;133,92;1;1;1;141,8;READY;nao
2026-03-19 02:21:00;31,51;-0,13;49,11;35,43;71,17;99,21;3,4675;14,96;5,86;133,95;1;1;1;116,68;READY;nao
2026-03-19 02:22:00;34,01;-4,78;48,76;30,23;93,51;102,26;4,6626;5,24;2,34;132,69;1;1;1;102,0;READY;nao
2026-03-19 02:23:00;32,75;16,29;50,63;119,05;79,54;85,02;3,4238;5,61;3,64;124,86;1;1;1;137,69;READY;nao
2026-03-19 02:24:00;31,39;13,79;47,78;53,99;60,08;93,51;2,6843;24,43;5,73;124,76;1;1;1;144,46;READY;nao
2026-03-19 02:25:00;29,64;28,44;49,57;114,65;78,31;92,21;3,5794;10,81;7,43;106,54;1;1;1;77,65;READY;nao
2026-03-19 02:26:00;33,24;-2,6;48,8;49,82;66,22;110,9;3,5838;24,45;6,01;131,1;1;1;1;106,39;READY;nao
2026-03-19 02:27:00;20,13;18,53;47,19;65,11;86,0;88,96;3,6103;11,92;2,58;102,84;1;1;1;140,22;READY;nao
2026-03-19 02:28:00;28,1;15,71;48,1;38,11;91,87;102,9;4,5471;12,16;3,46;142,17;1;1;1;147,13;READY;nao
2026-03-19 02:29:00;22,75;28,89;47,84;117,56;76,73;99,02;3,6348;13,15;3,05;141,77;1;1;1;135,94;READY;nao
2026-03-19 02:30:00;29,6;-1,22;48,39;39,68;92,15;111,27;4,9617;8,75;5,33;109,59;1;1;1;99,53;READY;nao
2026-03-19 02:31:00;33,69;2,02;46,53;51,8;88,49;87,78;3,6143;9,1;2,37;128,39;1;1;1;64,54;READY;nao
2026-03-19 02:32:00;18,36;19,79;47,96;61,4;96,22;82,92;3,8265;16,44;4,84;108,62;1;1;1;138,29;READY;nao
2026-03-19 02:33:00;23,37;-1,01;51,98;68,86;79,61;99,96;4,1365;17,37;7,46;129,54;1;1;1;102,21;READY;nao
2026-03-19 02:34:00;26,65;4,67;51,76;87,97;74,55;113,89;4,3947;7,6;4,59;114,54;1;1;0;154,59;ABORT;sim
2026-03-19 02:35:00;29,48;2,27;51,9;65,48;92,54;109,45;5,2567;6,4;6,92;105,37;1;1;1;70,12;READY;nao
2026-03-19 02:36:00;34,65;11,04;48,43;39,24;86,89;104,14;4,3823;19,92;6,0;101,52;1;1;1;172,57;READY;nao
2026-03-19 02:37:00;19,19;22,23;47,05;76,19;86,16;85,7;3,4741;19,69;4,14;122,71;1;1;1;164,06;READY;nao
2026-03-19 02:38:00;33,48;16,29;51,83;57,62;94,1;95,28;4,647;24,49;4,51;139,57;1;1;1;55,81;READY;nao
2026-03-19 02:39:00;18,28;24,89;50,13;100,72;79,51;109,87;4,3792;18,8;2,06;132,9;1;1;1;47,4;READY;nao
2026-03-19 02:40:00;23,82;16,51;51,1;86,34;93,21;100,27;4,7759;21,61;4,38;119,43;1;1;1;46,99;READY;nao
2026-03-19 02:41:00;22,5;23,04;46,27;58,72;72,18;84,4;2,8188;16,81;5,06;109,83;1;1;1;177,84;READY;nao
2026-03-19 02:42:00;29,48;7,6;49,72;89,85;77,39;100,26;3,8578;14,96;4,86;123,55;1;1;0;94,33;ABORT;sim
2026-03-19 02:43:00;23,2;-2,25;49,18;23,0;84,36;89,48;3,7124;9,08;7,13;103,33;0;1;1;163,16;ABORT;sim
2026-03-19 02:44:00;31,14;25,07;50,59;105,07;74,78;98,11;3,7116;19,5;7,96;109,04;1;1;1;172,04;READY;nao
2026-03-19 02:45:00;28,73;25,22;47,82;68,36;85,21;87,27;3,556;15,3;2,27;112,56;1;1;1;153,24;READY;nao
2026-03-19 02:46:00;30,23;13,35;49,09;85,04;60,83;112,76;3,3672;22,19;3,76;144,24;1;1;1;52,01;READY;nao
2026-03-19 02:47:00;30,84;18,48;49,75;32,09;70,86;88,82;3,1312;19,84;3,64;135,24;1;1;1;160,49;READY;nao
2026-03-19 02:48:00;23,13;1,1;46,78;89,83;75,62;87,05;3,0794;12,21;7,81;121,1;1;1;1;156,19;READY;nao
2026-03-19 02:49:00;29,52;10,17;48,44;105,11;73,83;99,62;3,5627;5,1;5,87;98,09;1;1;1;158,92;READY;nao
2026-03-19 02:50:00;27,21;8,87;51,55;54,37;87,41;115,38;5,199;8,92;5,55;126,41;1;1;1;58,78;READY;nao
2026-03-19 02:51:00;21,06;8,74;51,21;76,41;93,7;118,32;5,6774;5,18;3,33;132,73;1;1;1;66,29;READY;nao
2026-03-19 02:52:00;21,12;26,88;49,79;25,04;94,5;91,09;4,2859;6,61;6,24;140,92;1;1;1;78,47;READY;nao
2026-03-19 02:53:00;18,44;18,05;50,77;75,71;91,88;111,38;5,1956;7,4;4,06;122,89;1;1;1;115,82;READY;nao
2026-03-19 02:54:00;18,48;21,56;50,54;93,51;88,3;102,72;4,5841;17,01;3,51;121,5;1;1;1;167,0;READY;nao
2026-03-19 02:55:00;21,62;-0,2;48,12;45,07;88,1;117,67;4,9885;16,52;2,84;126,85;1;1;1;114,9;READY;nao
2026-03-19 02:56:00;24,04;20,02;47,46;84,61;75,09;90,47;3,2241;7,36;5,03;129,96;1;1;1;153,29;READY;nao
2026-03-19 02:57:00;32,57;24,49;51,54;70,61;80,71;102,78;4,2754;23,55;4,9;126,67;1;1;1;124,18;READY;nao
2026-03-19 02:58:00;20,82;11,0;47,82;67,5;92,01;94,58;4,1614;17,93;5,58;143,74;1;1;1;166,12;READY;nao
2026-03-19 02:59:00;33,65;12,76;46,85;110,17;60,35;84,6;2,392;16,29;5,6;129,74;1;1;1;63,42;READY;nao
2026-03-19 03:00:00;22,86;24,06;51,66;103,4;74,95;86,17;3,3364;18,78;6,63;132,19;1;1;1;79,7;READY;nao
2026-03-19 03:01:00;34,86;27,53;46,99;38,34;98,47;94,36;4,3661;16,27;7,15;131,24;1;1;1;159,8;READY;nao
2026-03-19 03:02:00;32,55;12,41;46,53;46,18;97,92;93,8;4,2737;19,49;2,15;99,9;1;1;1;139,25;READY;nao
2026-03-19 03:03:00;18,05;7,64;50,72;99,48;81,75;109,64;4,5461;20,21;7,3;123,14;1;1;1;68,83;READY;nao
2026-03-19 03:04:00;30,11;17,12;47,24;43,71;64,34;100,59;3,0574;22,16;7,74;99,8;1;1;1;169,78;READY;nao
2026-03-19 03:05:00;19,27;23,55;46,49;68,99;70,2;80,13;2,6151;21,33;7,47;136,53;1;1;1;161,17;READY;nao
2026-03-19 03:06:00;30,62;7,61;50,22;37,11;70,53;98,92;3,5038;5,52;6,04;99,99;1;1;1;52,61;READY;nao
2026-03-19 03:07:00;26,83;21,47;46,48;112,6;98,76;106,92;4,908;17,5;2,09;96,15;1;1;1;158,02;READY;nao
2026-03-19 03:08:00;33,38;11,84;47,28;100,82;94,89;90,42;4,0566;21,51;3,63;116,24;1;1;1;157,37;READY;nao
2026-03-19 03:09:00;19,73;-2,55;48,27;36,0;99,2;116,78;5,5919;16,24;3,2;120,49;1;1;1;179,2;READY;nao
2026-03-19 03:10:00;33,6;-1,22;47,11;108,14;67,16;97,25;3,0769;17,17;5,14;124,7;1;1;1;113,22;READY;nao
2026-03-19 03:11:00;28,31;7,56;46,33;78,74;68,84;103,32;3,2952;14,51;2,13;116,23;1;1;1;150,31;READY;nao
2026-03-19 03:12:00;24,65;27,98;48,2;45,61;75,17;116,38;4,2167;17,49;7,08;130,08;1;1;1;88,74;READY;nao
2026-03-19 03:13:00;20,22;19,92;50,51;43,6;99,64;87,42;4,3997;5,53;3,45;137,89;1;1;1;64,03;READY;nao
2026-03-19 03:14:00;31,14;16,35;46,5;110,04;99,45;118,27;5,4693;16,85;6,73;98,73;1;1;1;147,04;READY;nao
2026-03-19 03:15:00;21,8;24,17;47,28;73,69;61,69;85,09;2,4818;7,85;4,5;134,25;1;1;1;174,33;READY;nao
2026-03-19 03:16:00;21,71;17,06;51,45;62,26;64,99;82,2;2,7486;17,51;5,43;142,29;1;1;1;143,04;READY;nao
2026-03-19 03:17:00;21,35;24,98;49,58;72,36;96,66;111,01;5,32;19,36;6,52;142,82;1;1;1;165,69;READY;nao
2026-03-19 03:18:00;34,02;26,1;50,38;40,6;92,43;108,0;5,0292;21,96;6,69;113,27;1;1;1;69,57;READY;nao
2026-03-19 03:19:00;19,8;9,25;51,6;84,61;99,33;86,28;4,4222;5,17;2,15;134,82;1;1;1;166,61;READY;nao
2026-03-19 03:20:00;30,82;12,1;46,74;101,39;75,76;104,8;3,711;11,34;2,9;142,21;1;1;1;142,74;READY;nao
2026-03-19 03:21:00;32,97;8,73;50,49;34,43;73,48;108,39;4,0213;15,1;3,58;111,79;1;1;1;123,15;READY;nao
2026-03-19 03:22:00;24,25;21,15;48,18;59,2;66,41;109,13;3,4918;5,42;6,14;111,94;1;1;1;159,68;READY;nao
2026-03-19 03:23:00;19,11;18,9;51,86;74,14;69,66;117,75;4,2538;24,08;6,36;108,4;1;1;1;78,82;READY;nao
2026-03-19 03:24:00;28,75;21,52;48,37;96,14;94,48;105,01;4,799;15,57;6,17;103,39;1;1;1;123,13;READY;nao
2026-03-19 03:25:00;20,01;26,3;48,15;84,41;69,44;115,84;3,8732;7,08;4,18;144,18;1;1;1;90,87;READY;nao
2026-03-19 03:26:00;28,07;11,93;49,02;100,92;73,15;98,22;3,522;15,48;4,88;102,75;1;1;1;140,85;READY;nao
2026-03-19 03:27:00;29,73;9,79;49,66;88,29;68,25;82,7;2,8029;19,06;3,75;95,71;1;1;1;166,29;READY;nao
2026-03-19 03:28:00;21,48;4,33;51,02;90,02;97,44;96,64;4,8044;16,04;7,64;139,61;1;1;1;96,76;READY;nao
2026-03-19 03:29:00;30,98;2,24;46,36;30,52;87,95;99,27;4,0476;9,8;6,87;107,86;1;1;1;118,47;READY;nao
2026-03-19 03:30:00;25,52;8,11;48,41;83,39;86,57;98,82;4,1414;24,53;7,3;129,1;1;1;1;112,81;READY;nao
2026-03-19 03:31:00;22,69;29,3;47,14;48,67;81,02;102,77;3,9251;11,05;4,69;106,79;1;1;1;127,75;READY;nao
2026-03-19 03:32:00;30,37;0,77;51,99;49,73;94,83;89,99;4,4367;18,67;2,04;142,56;1;1;1;179,14;READY;nao
2026-03-19 03:33:00;34,52;16,03;46,92;72,08;94,0;103,53;4,5662;11,62;4,15;99,38;1;1;1;57,91;READY;nao
2026-03-19 03:34:00;32,9;25,53;49,82;85,03;62,86;102,95;3,2241;22,76;4,52;131,9;1;1;1;138,93;READY;nao
2026-03-19 03:35:00;22,07;-3,69;51,35;23,41;96,58;99,96;4,9574;22,2;4,8;123,92;1;1;1;173,7;READY;nao
2026-03-19 03:36:00;25,94;3,53;46,92;27,91;64,59;109,4;3,3154;9,15;5,9;142,8;1;1;1;135,19;READY;nao
2026-03-19 03:37:00;30,75;-3,86;46,91;53,69;61,76;87,99;2,5492;14,05;6,74;134,68;1;1;1;150,51;READY;nao
2026-03-19 03:38:00;20,25;4,0;51,18;49,88;71,3;112,15;4,0925;14,39;5,64;139,06;1;1;1;163,26;READY;nao
2026-03-19 03:39:00;29,76;3,08;46,92;32,02;82,49;89,8;3,4756;13,34;2,29;141,67;1;1;1;110,69;READY;nao
2026-03-19 03:40:00;25,42;13,27;47,58;40,48;86,04;82,9;3,3937;24,65;6,16;135,39;1;1;1;96,0;READY;nao
2026-03-19 03:41:00;22,29;13,03;50,09;94,5;65,07;114,74;3,7398;24,07;2,9;130,11;1;1;1;176,53;READY;nao
2026-03-19 03:42:00;27,25;16,31;47,0;82,02;72,48;97,6;3,3248;9,51;4,35;137,39;1;1;1;114,29;READY;nao
2026-03-19 03:43:00;22,02;5,93;46,94;90,74;74,97;103,1;3,6282;22,45;4,94;97,09;1;1;1;100,1;READY;nao
2026-03-19 03:44:00;34,61;-3,47;51,91;35,55;72,57;87,83;3,3087;23,39;7,18;141,27;1;1;1;100,15;READY;nao
2026-03-19 03:45:00;31,09;22,9;46,62;30,54;78,81;89,34;3,2825;13,24;2,74;143,37;1;1;1;158,99;READY;nao
2026-03-19 03:46:00;23,56;21,27;50,61;105,85;81,21;108,31;4,4516;10,15;3,39;119,21;1;1;1;155,5;READY;nao
2026-03-19 03:47:00;32,52;-3,08;47,32;103,69;90,44;105,34;4,5082;8,84;5,94;125,62;1;1;1;166,59;READY;nao
2026-03-19 03:48:00;28,55;27,77;49,94;78,87;91,64;92,1;4,215;21,18;7,49;127,25;1;1;1;63,5;READY;nao
2026-03-19 03:49:00;29,47;1,02;51,64;91,41;75,71;110,73;4,3292;5,14;6,55;114,61;1;1;1;133,16;READY;nao
2026-03-19 03:50:00;22,88;20,04;47,38;29,48;86,04;92,54;3,7725;11,89;6,89;97,41;1;1;1;108,54;READY;nao
2026-03-19 03:51:00;30,57;7,65;46,4;101,1;63,18;101,42;2,9732;21,51;7,27;105,33;1;1;1;113,15;READY;nao
2026-03-19 03:52:00;20,22;14,92;46,88;119,21;77,83;113,0;4,123;23,24;5,86;95,57;1;1;1;85,09;READY;nao
2026-03-19 03:53:00;18,49;14,02;49,6;44,23;82,65;94,69;3,8818;10,86;7,68;127,35;1;1;1;152,49;READY;nao
2026-03-19 03:54:00;26,74;26,7;47,24;45,91;65,75;91,06;2,8284;23,56;4,71;135,96;1;1;1;72,97;READY;nao
2026-03-19 03:55:00;31,67;19,75;50,52;83,23;91,82;115,66;5,3652;22,02;5,56;133,44;1;1;1;53,21;READY;nao
2026-03-19 03:56:00;20,66;0,65;46,22;86,96;99,37;107,42;4,9337;20,26;3,43;106,24;1;1;1;112,58;READY;nao
2026-03-19 03:57:00;23,3;21,66;47,75;73,44;77,43;110,84;4,0981;5,14;5,96;95,99;1;1;1;96,14;READY;nao
2026-03-19 03:58:00;25,92;22,42;47,78;56,22;70,98;87,4;2,9641;10,4;6,23;131,92;1;1;1;150,95;READY;nao
2026-03-19 03:59:00;21,52;-1,63;50,74;76,31;80,68;102,36;4,1903;23,62;6,28;103,7;1;1;1;70,0;READY;nao
2026-03-19 04:00:00;24,23;3,2;47,66;41,28;94,6;117,03;5,2765;19,39;5,35;103,84;1;1;1;162,56;READY;nao
2026-03-19 04:01:00;23,56;28,2;46,36;98,96;69,04;94,78;3,0336;16,84;4,81;102,95;1;1;1;131,32;READY;nao
2026-03-19 04:02:00;23,1;4,12;47,62;59,48;62,96;111,76;3,3507;14,84;5,63;100,33;1;1;1;124,78;READY;nao
2026-03-19 04:03:00;21,23;15,37;49,19;97,0;88,04;92,22;3,9938;15,2;7,04;101,74;1;1;1;57,69;READY;nao
2026-03-19 04:04:00;29,92;25,16;51,16;46,57;92,41;99,53;4,7055;9,85;5,95;110,47;1;1;1;114,57;READY;nao
2026-03-19 04:05:00;19,09;-4,41;51,27;61,75;74,14;80,86;3,0736;18,51;2,02;141,66;1;1;1;79,36;READY;nao
2026-03-19 04:06:00;32,6;4,81;50,32;96,58;92,55;92,83;4,3232;9,58;4,5;133,8;1;1;1;49,17;READY;nao
2026-03-19 04:07:00;27,74;2,46;49,81;80,69;78,84;103,08;4,048;5,04;4,39;116,29;1;1;1;122,52;READY;nao
2026-03-19 04:08:00;23,33;23,67;51,55;80,45;86,69;114,94;5,1365;20,2;4,87;132,33;1;1;1;86,91;READY;nao
2026-03-19 04:09:00;24,05;13,45;46,42;68,87;78,31;111,96;4,0699;17,04;3,46;136,71;1;1;1;87,9;READY;nao
2026-03-19 04:10:00;23,07;17,66;49,71;38,44;99,5;109,45;5,4136;16,42;2,51;97,3;1;1;1;152,16;READY;nao
2026-03-19 04:11:00;22,86;-4,02;50,32;55,24;70,0;110,31;3,8856;7,41;6,22;121,47;1;1;1;126,06;READY;nao
2026-03-19 04:12:00;23,1;25,96;49,44;77,91;65,59;89,36;2,8977;10,1;3,25;120,65;1;1;1;77,76;READY;nao
2026-03-19 04:13:00;19,48;29,38;47,96;100,83;95,72;112,27;5,154;20,41;4,42;101,01;1;1;1;75,6;READY;nao
2026-03-19 04:14:00;32,96;21,63;47,34;116,14;91,43;112,79;4,8819;9,14;6,61;140,43;1;1;1;163,24;READY;nao
2026-03-19 04:15:00;18,19;12,38;49,47;115,98;93,69;119,21;5,5252;21,4;5,57;102,79;1;1;1;82,6;READY;nao
2026-03-19 04:16:00;25,69;19,88;47,02;78,73;74,33;98,57;3,445;5,93;5,47;141,57;1;1;1;161,53;READY;nao
2026-03-19 04:17:00;25,07;-0,78;47,58;40,65;71,8;112,61;3,847;5,85;3,71;99,35;1;1;1;143,08;READY;nao
2026-03-19 04:18:00;31,82;7,39;51,57;98,28;60,12;94,17;2,9196;13,32;2,41;139,75;1;1;1;87,55;READY;nao
2026-03-19 04:19:00;28,84;20,16;49,85;105,74;65,45;80,47;2,6255;24,75;5,01;113,72;1;1;1;175,5;READY;nao
